{
    "date": "2024-07-28",
    "hour": "13시",
    "areaCD": "1121510900",
    "name": "군자동",
    "path": [
        {
            "id": "1",
            "type": "exist",
            "coordinate": {
                "walk": [
                    [
                        [37.550819473441834, 127.07354014024835],
                        [37.557200155977, 127.07937240600586]
                    ],
                    [
                        [37.44752114749943, 126.45240068435669],
                        [37.458780747750765, 126.44182205200195]
                    ]
                ],
                "subway": [
                    [
                        [37.557200155977, 127.07937240600586],
                        [37.5697361303675, 127.04863276592931],
                        [37.55441038723944, 127.02087879180908],
                        [37.54437316040364, 126.95073366165161],
                        [37.5855458565799, 126.875164854549],
                        [37.44752114749943, 126.45240068435669]
                    ]
                ]
            },
            "station": [
                {
                    "id": "1",
                    "name": "군자역",
                    "type": "subway",
                    "direction": "5호선 방화방면",
                    "congestion": "보통",
                    "lat": 37.557200155977,
                    "lng": 127.07937240600586
                },
                {
                    "id": "2",
                    "name": "공덕역",
                    "type": "subway",
                    "direction": "공항철도 인천공항2터미널방면",
                    "congestion": "혼잡",
                    "lat": 37.54437316040364,
                    "lng": 126.95073366165161
                }
            ],
            "leadtime": "1시간 50분",
            "like": 14,
            "dislike": 5,
            "population": 1500
        },
        {
            "id": "2",
            "type": "exist",
            "coordinate": {
                "walk": [
                    [
                        [37.5554990899045, 127.07544565200806],
                        [37.55635813312457, 127.07882523536682]
                    ],
                    [
                        [37.44752114749943, 126.45240068435669],
                        [37.458780747750765, 126.44182205200195]
                    ]
                ],
                "bus": [
                    [
                        [37.55635813312457, 127.07882523536682],
                        [37.53542312976602, 127.06832831896868],
                        [37.54380403441608, 127.03617084801179],
                        [37.504662207184865, 126.98029026765677],
                        [37.58564881777073, 126.80653037769711],
                        [37.44752114749943, 126.45240068435669]
                    ]
                ]
            },
            "station": [
                {
                    "id": "1",
                    "name": "군자역",
                    "type": "bus",
                    "direction": "6013",
                    "congestion": "여유",
                    "lat": 37.55635813312457,
                    "lng": 127.07882523536682
                }
            ],
            "leadtime": "1시간 30분",
            "like": 22,
            "dislike": 1,
            "population": 1200
        },
        {
            "id": "3",
            "type": "new",
            "coordinate": {
                "walk": [
                    [
                        [37.557200155977, 127.07940459251404],
                        [37.55866304174169, 127.0758318901062]
                    ],
                    [
                        [37.44752114749943, 126.45240068435669],
                        [37.458780747750765, 126.44182205200195]
                    ]
                ],
                "bus": [
                    [
                        [37.55866304174169, 127.0758318901062],
                        [37.57492044562901, 127.02552784215993],
                        [37.55471658647159, 126.97077512741089]
                    ]
                ],
                "subway": [
                    [
                        [37.55471658647159, 126.97077512741089],
                        [37.53759916910969, 126.96879647297554],
                        [37.44752114749943, 126.45240068435669]
                    ]
                ]
            },
            "station": [
                {
                    "id": "1",
                    "name": "군자교입구(중)",
                    "type": "bus",
                    "direction": "9301",
                    "congestion": "여유",
                    "lat": 37.55866304174169,
                    "lng": 127.0758318901062
                },
                {
                    "id": "2",
                    "name": "서울역",
                    "type": "subway",
                    "direction": "공항철도 인천공항1터미널역 방면",
                    "congestion": "보통",
                    "lat": 37.55471658647159,
                    "lng": 126.97077512741089
                }
            ],
            "leadtime": "1시간 30분",
            "like": 18,
            "dislike": 6
        }
    ]
}