{
    "date": "2024-08-22",
    "time": "13시",
    "routes": [
        {
            "routeNumber": 1,
            "roadType": "일반도로",
            "coordinates": [
                [37.5665, 126.9780],
                [37.5655, 126.9770],
                [37.5645, 126.9760],
                [37.5635, 126.9750]
            ],
            "speed": 30
        },
        {
            "routeNumber": 2,
            "roadType": "국도",
            "coordinates": [
                [37.5700, 126.9820],
                [37.5690, 126.9810],
                [37.5680, 126.9800],
                [37.5670, 126.9790]
            ],
            "speed": 35
        },
        {
            "routeNumber": 3,
            "roadType": "도시고속도로",
            "coordinates": [
                [37.5600, 126.9700],
                [37.5590, 126.9690],
                [37.5580, 126.9680],
                [37.5570, 126.9670]
            ],
            "speed": 25
        },
        {
            "routeNumber": 4,
            "roadType": "고속도로",
            "coordinates": [
                [37.5500, 126.9600],
                [37.5490, 126.9590],
                [37.5480, 126.9580],
                [37.5470, 126.9570]
            ],
            "speed": 55
        }
    ]
}